id,book_id,user_id,content
1,1,1,"An essential read for any developer. The advice on clean code and pragmatic thinking has directly improved the way I approach problems every day."
2,1,2,"Practical tips that apply to any programming language. The concept of DRY alone is worth the price of the book."
3,1,3,"Required reading for any software developer. The wisdom here translates directly to better cleaner code."
4,1,4,"Timeless advice that still holds up decades later. Every chapter has something immediately actionable."
5,1,5,"Changed how I think about writing software. The emphasis on craftsmanship over shortcuts is something I carry with me."
6,1,6,"Dense with useful information. Not a light read but absolutely worth the investment."
7,1,7,"The section on debugging strategies alone saved me hours of frustration on my last project."
8,1,8,"One of those rare books where every chapter teaches you something you can apply immediately."
9,3,1,"Completely changed how I think about human history. Harari connects dots across thousands of years effortlessly."
10,3,2,"Brilliant and provocative. Some conclusions are debatable but the framework offered is genuinely eye-opening."
11,3,3,"A sweeping overview of humanity that made me question assumptions I never knew I had."
12,3,4,"The chapter on the agricultural revolution reframed everything I thought I knew about progress."
13,3,5,"Dense but rewarding. Harari writes history like a novelist without sacrificing intellectual rigor."
14,3,6,"Made me think about capitalism religion and empires in completely new ways."
15,3,7,"Some of it oversimplifies but the big picture view of human history is genuinely useful."
16,3,9,"One of the most thought-provoking books I have read. Still thinking about it weeks later."
17,4,2,"A timeless adventure. Tolkien's world-building is unmatched and the story holds up no matter how many times you revisit it."
18,4,3,"Pure magic from start to finish. The Shire Bilbo Gollum — every character and place feels completely real."
19,4,4,"Accessible fantasy at its finest. Perfect for readers new to the genre and veterans alike."
20,4,5,"The quiet adventure of Bilbo's journey mirrors the real life experience of stepping outside your comfort zone."
21,4,6,"Tolkien's prose is warm and inviting. This book never feels like hard work even with the depth of its world."
22,4,7,"The riddle scene with Gollum is one of the best written exchanges in all of fantasy literature."
23,4,8,"A short but perfectly formed story. I wish more epic fantasy had this level of focus."
24,4,10,"Introduced me to a lifelong love of fantasy. Still holds the same magic it had when I first read it."
25,7,1,"Incredibly practical. The framework around habits is simple enough to remember but deep enough to actually change behaviour."
26,7,3,"The concept of one percent improvement compounding over time genuinely shifted how I approach goals."
27,7,4,"Clear is an excellent writer. He explains complex behavioural science without ever making it feel academic."
28,7,5,"One of those books I keep referring back to. The habit loop diagrams alone are worth the read."
29,7,6,"Applied the two-minute rule immediately. Small but surprisingly effective."
30,7,7,"More actionable than most self-help books. Every chapter ends with something you can try today."
31,7,8,"Makes behaviour change feel achievable rather than overwhelming. That is a genuinely rare quality in this genre."
32,7,9,"I was skeptical going in but the science backing each claim won me over quickly."
33,8,1,"The prose is extraordinary even if the plot feels thin. Fitzgerald's sentences are unlike anything else in American literature."
34,8,2,"Beautiful but melancholic. The American Dream critique hits just as hard today as it did in the twenties."
35,8,3,"Short and dense with meaning. Every detail earns its place in the story."
36,8,5,"Daisy frustrated me the entire time which I suspect is entirely the point."
37,8,6,"The descriptions of the parties are so vivid you can almost hear the music."
38,8,7,"I can see why it is taught in schools. Layers of symbolism worth discussing for hours."
39,8,9,"Did not enjoy it as much as I expected but I can appreciate the craft behind every sentence."
40,8,10,"Gatsby's relentless optimism is both inspiring and heartbreaking in equal measure."
41,9,1,"Martin's principles are rigorous and occasionally opinionated but the underlying message is undeniably important."
42,9,2,"Reading this made me embarrassed by old code I have written. Then it made me better."
43,9,4,"Some Java-specific examples feel dated but the core ideas are language-agnostic and invaluable."
44,9,5,"The naming conventions chapter alone is worth reading twice. Good names really do change everything."
45,9,6,"Transformed how I think about functions. Short single-purpose well-named — I now hold myself to a higher standard."
46,9,7,"A humbling read. You finish it a better developer than when you started."
47,9,8,"Strict in places but that strictness is the point. Slack is where bugs live."
48,9,9,"Pair this with The Pragmatic Programmer and you have everything you need to write excellent code."
49,10,1,"Chilling and precise. Orwell's vision of totalitarianism feels less like fiction and more like a warning every year."
50,10,2,"One of the most important novels ever written. Doublethink newspeak the memory hole — all feel terrifyingly plausible."
51,10,3,"Harrowing but essential. The relationship between Winston and Julia gives the horror a human centre."
52,10,4,"The appendix on Newspeak is a stroke of genius. Written as historical analysis it makes the world feel devastatingly real."
53,10,5,"I read this expecting to feel clever for having read it. Instead I just felt afraid."
54,10,6,"Room 101 is one of the most effective images of psychological dread in all of literature."
55,10,8,"A book that rewires how you think about language power and truth. Essential."
56,10,10,"Every generation should read this. The parallels to modern life are impossible to ignore."
57,11,1,"Poetic and simple. The Alchemist works best if you let yourself get swept up in the allegory."
58,11,2,"Short enough to read in a day and rich enough to think about for weeks."
59,11,3,"I can see why this resonates with so many people. The core message is universal."
60,11,4,"The Personal Legend concept is a little idealistic but the story earns its sentimentality."
61,11,6,"Coelho writes with a warmth that makes even a philosophical fable feel personal."
62,11,7,"More parable than novel but that is clearly the intention and it works beautifully."
63,11,9,"Felt manipulative in places but the journey itself is genuinely moving."
64,11,10,"One of those books that finds you at exactly the right moment. Read it when you are lost."
65,13,1,"Rothfuss builds a world and a voice unlike anything else in fantasy. Kvothe is one of the great literary characters."
66,13,2,"The frame narrative within a narrative is a bold structural choice that pays off completely."
67,13,3,"One of the best magic systems in fantasy. Sympathy feels logical and real which makes it genuinely thrilling."
68,13,5,"Absolutely consumed me. I finished it in three days and immediately wanted to start over."
69,13,7,"Literary fantasy at its finest. The prose quality is several levels above most genre fiction."
70,13,8,"Kvothe's time at the University is the heart of the book and it never loses its grip."
71,13,9,"Emotionally devastating in places and triumphant in others. Rothfuss understands pacing perfectly."
72,13,10,"The best first book in a fantasy series I have ever read. The wait for the third is genuinely painful."
73,14,2,"Profoundly moving. Westover's story of self-education against enormous odds is one of the most inspiring memoirs I have encountered."
74,14,3,"Difficult to read at times but impossible to put down. The writing is restrained where it could easily have been melodramatic."
75,14,4,"Made me think hard about the stories we tell ourselves about our own lives and families."
76,14,5,"The transformation Westover undergoes is extraordinary. Education as liberation is rarely shown this viscerally."
77,14,6,"Every page felt earned. Nothing here is exaggerated for effect — if anything it is underplayed."
78,14,8,"A book about memory truth and identity as much as it is about education. Lingers long after the last page."
79,14,9,"One of the most honest memoirs I have read. Westover does not spare herself in the telling."
80,14,10,"Changed how I think about the concept of home and what we owe our families versus ourselves."
81,15,1,"Absurdist comedy at its absolute peak. Adams creates a universe where everything is meaningless but somehow also hilarious."
82,15,2,"The answer is 42. If you know you know. If you do not read this immediately."
83,15,4,"One of the funniest books I have ever read. Also one of the most quietly philosophical."
84,15,5,"Adams' comic timing in prose form is genuinely rare. Every page has at least one line worth reading aloud."
85,15,6,"The restaurant at the end of the universe is peak absurdist writing."
86,15,7,"Completely unlike anything else I have read. It made me laugh and then made me think. Perfect combination."
87,15,8,"Required reading for anyone who has ever looked at the stars and felt small."
88,15,10,"A classic that deserves every bit of its reputation. Do not take the towel advice lightly."
89,17,1,"Bleak and relentless but McCarthy's prose is so beautiful it becomes almost meditative rather than oppressive."
90,17,3,"The bond between father and son is the emotional core and it holds through even the darkest passages."
91,17,4,"Not an easy read but a necessary one. Asks hard questions about what we carry and why."
92,17,5,"The lack of punctuation takes pages to adjust to but once you are in the rhythm it feels completely right."
93,17,7,"One of the loneliest books I have ever read. In the best possible way."
94,17,8,"McCarthy strips language down to its bones here. Somehow that makes every sentence carry more weight."
95,19,2,"Gripping from the first page. Weir somehow makes orbital mechanics and potato farming genuinely exciting."
96,19,3,"Hard science fiction that never loses the human story at its centre. Watney is one of my favourite characters in recent fiction."
97,19,4,"The problem-solving sequences are endlessly satisfying. Every solution creates a new problem and you cannot stop reading."
98,19,6,"Made me more interested in space exploration than any documentary has managed. That is quite an achievement."
99,19,7,"The humour cuts through the survival tension in exactly the right moments. Perfectly calibrated."
100,19,10,"One of the most purely enjoyable reading experiences I have had. Science made thrilling."
